1,Basketball Men's Basketball,1992
2,Judo Men's Extra-Lightweight,2012
3,Football Men's Football,1920
4,Tug-Of-War Men's Tug-Of-War,1900
5,Speed Skating Women's 500 metres,1988
6,"Speed Skating Women's 1,000 metres",1988
7,Cross Country Skiing Men's 10 kilometres,1992
8,Cross Country Skiing Men's 50 kilometres,1992
9,Cross Country Skiing Men's 10/15 kilometres Pursuit,1992
10,Cross Country Skiing Men's 4 x 10 kilometres Relay,1992
11,Cross Country Skiing Men's 30 kilometres,1994
12,Athletics Women's 100 metres,1932
13,Athletics Women's 4 x 100 metres Relay,1932
14,Ice Hockey Men's Ice Hockey,2002
15,Swimming Men's 400 metres Freestyle,1952
16,Badminton Men's Singles,2000
17,Sailing Women's Windsurfer,1996
18,Biathlon Women's 7.5 kilometres Sprint,1994
19,Swimming Men's 200 metres Breaststroke,1912
20,Swimming Men's 400 metres Breaststroke,1912
21,Gymnastics Men's Individual All-Around,1948
22,Gymnastics Men's Team All-Around,1948
23,Gymnastics Men's Floor Exercise,1948
24,Gymnastics Men's Horse Vault,1948
25,Gymnastics Men's Parallel Bars,1948
26,Gymnastics Men's Horizontal Bar,1948
27,Gymnastics Men's Rings,1948
28,Gymnastics Men's Pommelled Horse,1948
29,Athletics Men's Shot Put,2000
30,"Art Competitions Mixed Sculpturing, Unknown Event",1948
31,Alpine Skiing Men's Downhill,1992
32,Alpine Skiing Men's Super G,1992
33,Alpine Skiing Men's Giant Slalom,1992
34,Alpine Skiing Men's Slalom,1992
35,Alpine Skiing Men's Combined,1994
36,Handball Women's Handball,2008
37,Weightlifting Women's Super-Heavyweight,2016
38,"Wrestling Men's Light-Heavyweight, Greco-Roman",2000
39,Speed Skating Men's 500 metres,1960
40,"Speed Skating Men's 1,500 metres",1960
41,"Gymnastics Men's Team All-Around, Free System",1920
42,Luge Women's Singles,1984
43,Water Polo Men's Water Polo,1984
44,Sailing Mixed Three Person Keelboat,1968
45,Hockey Women's Hockey,1988
46,Rowing Men's Lightweight Double Sculls,1996
47,Athletics Men's Pole Vault,1936
48,Athletics Men's High Jump,1912
49,Sailing Men's Two Person Dinghy,1992
50,"Athletics Men's 1,500 metres",2012
51,Bobsleigh Men's Four,1998
52,Swimming Men's 100 metres Butterfly,1996
53,Swimming Men's 200 metres Butterfly,1996
54,Swimming Men's 4 x 100 metres Medley Relay,1996
55,Football Women's Football,1996
56,"Fencing Men's Foil, Individual",1912
57,"Fencing Men's epee, Individual",1912
58,"Fencing Men's epee, Team",1912
59,"Speed Skating Men's 5,000 metres",1956
60,"Speed Skating Men's 10,000 metres",1960
61,Sailing Mixed 8 metres,1912
62,"Equestrianism Mixed Jumping, Individual",1992
63,Cross Country Skiing Men's 15 kilometres,2002
64,"Shooting Men's Small-Bore Rifle, Prone, 50 metres",1936
65,"Shooting Men's Rapid-Fire Pistol, 25 metres",1936
66,Shooting Men's Trap,1952
67,Athletics Men's 4 x 100 metres Relay,1920
68,Athletics Men's Long Jump,1920
69,Boxing Men's Light-Welterweight,2012
70,Athletics Women's Javelin Throw,2004
71,"Wrestling Men's Heavyweight, Freestyle",1992
72,Taekwondo Men's Flyweight,2000
73,Boxing Men's Heavyweight,1948
74,"Athletics Men's 5,000 metres",2016
75,"Cycling Men's Road Race, Individual",1956
76,"Cycling Men's Road Race, Team",1956
77,Weightlifting Men's Lightweight,1956
78,Weightlifting Men's Middleweight,1960
79,Rowing Men's Coxless Pairs,2016
80,Judo Men's Half-Middleweight,1992
81,Taekwondo Women's Flyweight,2016
82,Boxing Men's Flyweight,1972
83,Basketball Women's Basketball,2008
84,Diving Men's Platform,2000
85,"Canoeing Men's Canadian Doubles, 500 metres",1992
86,"Canoeing Men's Canadian Doubles, 1,000 metres",1992
87,"Canoeing Men's Kayak Fours, 1,000 metres",2004
88,Handball Men's Handball,2008
89,Rowing Women's Coxless Pairs,2012
90,Boxing Men's Middleweight,1968
91,Judo Men's Lightweight,1996
92,Boxing Men's Featherweight,1924
93,Tennis Men's Doubles,2000
94,Shooting Mixed Skeet,1992
95,"Wrestling Men's Featherweight, Freestyle",2004
96,Sailing Mixed Two Person Heavyweight Dinghy,1976
97,Athletics Women's Shot Put,1980
98,Rowing Men's Coxed Eights,1984
99,Cycling Women's Sprint,2004
100,Cycling Women's 500 metres Time Trial,2004
101,Athletics Men's 110 metres Hurdles,2012
102,Shooting Mixed Trap,1984
103,Athletics Women's Marathon,2004
104,Athletics Men's 100 metres,2004
105,"Fencing Men's Foil, Team",1968
106,"Fencing Men's Sabre, Team",1968
107,Swimming Men's 100 metres Freestyle,1936
108,Swimming Men's 4 x 200 metres Freestyle Relay,1936
109,Boxing Men's Lightweight,1972
110,Modern Pentathlon Men's Individual,1936
111,Boxing Men's Welterweight,2012
112,Rowing Men's Quadruple Sculls,1988
113,Rowing Men's Double Sculls,1996
114,Rowing Men's Coxed Pairs,1984
115,Athletics Men's 400 metres Hurdles,1976
116,Athletics Men's 400 metres,2016
117,Athletics Men's Hammer Throw,1996
118,Weightlifting Men's Featherweight,1960
119,Athletics Men's 800 metres,1988
120,Hockey Men's Hockey,2000
121,Alpine Skiing Women's Slalom,2014
122,Rowing Women's Single Sculls,2012
123,Swimming Men's 50 metres Freestyle,2008
124,Weightlifting Women's Featherweight,2000
125,Water Polo Women's Water Polo,2012
126,Figure Skating Men's Singles,1964
127,Weightlifting Men's Heavyweight,2016
128,"Equestrianism Mixed Three-Day Event, Individual",2016
129,"Equestrianism Mixed Three-Day Event, Team",2016
130,Figure Skating Mixed Team,2014
131,Sailing Women's Three Person Keelboat,2008
132,"Cycling Women's Road Race, Individual",2016
133,Golf Women's Individual,1900
134,Softball Women's Softball,2008
135,Archery Women's Individual,2008
136,"Wrestling Men's Heavyweight, Greco-Roman",2012
137,Volleyball Men's Volleyball,2008
138,Taekwondo Women's Heavyweight,2008
139,Synchronized Swimming Women's Duet,2008
140,Synchronized Swimming Women's Team,2008
141,Taekwondo Women's Featherweight,2004
142,Athletics Men's Marathon,1964
143,Athletics Men's 4 x 400 metres Relay,1972
144,"Athletics Men's 10,000 metres",1952
145,"Athletics Women's 3,000 metres",1984
146,Diving Women's Platform,2016
147,"Shooting Men's Air Rifle, 10 metres",2000
148,Athletics Men's 200 metres,1972
149,Weightlifting Men's Flyweight,1976
150,Swimming Men's 100 metres Backstroke,1948
151,Weightlifting Men's Light-Heavyweight,1952
152,"Wrestling Men's Lightweight, Greco-Roman",1988
153,"Fencing Men's Sabre, Individual",1936
154,"Wrestling Men's Super-Heavyweight, Greco-Roman",2008
155,"Shooting Men's Free Pistol, 50 metres",2008
156,"Shooting Men's Air Pistol, 10 metres",2016
157,Rowing Men's Coxless Fours,2000
158,Boxing Men's Light-Flyweight,2000
159,Boxing Men's Super-Heavyweight,2000
160,"Wrestling Men's Flyweight, Greco-Roman",1948
161,"Shooting Women's Air Rifle, 10 metres",2004
162,Weightlifting Men's Middle-Heavyweight,2016
163,Athletics Men's Javelin Throw,2012
164,Volleyball Women's Volleyball,2008
165,"Wrestling Men's Welterweight, Greco-Roman",2012
166,"Wrestling Men's Middleweight, Greco-Roman",2016
167,"Athletics Men's 3,000 metres Steeplechase",2008
168,"Wrestling Men's Middleweight, Freestyle",2004
169,Swimming Women's 100 metres Backstroke,1984
170,Swimming Women's 200 metres Backstroke,1984
171,Swimming Women's 4 x 100 metres Medley Relay,1984
172,"Wrestling Men's Light-Heavyweight, Freestyle",2000
173,Modern Pentathlon Men's Team,1988
174,Boxing Men's Bantamweight,1952
175,Athletics Women's 200 metres,2016
176,Table Tennis Women's Singles,2000
177,Table Tennis Women's Doubles,2000
178,Shooting Men's Skeet,1996
179,Swimming Women's 50 metres Freestyle,2000
180,"Shooting Men's Small-Bore Rifle, Three Positions, 50 metres",1984
181,Athletics Men's Triple Jump,1960
182,Weightlifting Women's Lightweight,2004
183,Athletics Women's Long Jump,2008
184,"Fencing Women's epee, Individual",2012
185,Swimming Men's 200 metres Freestyle,1968
186,Swimming Men's 4 x 100 metres Freestyle Relay,1968
187,Swimming Men's 200 metres Backstroke,1988
188,Swimming Men's 200 metres Individual Medley,1988
189,Swimming Men's 400 metres Individual Medley,1996
190,Badminton Women's Singles,1992
191,Boxing Men's Light-Middleweight,1968
192,Tennis Men's Singles,1988
193,"Wrestling Men's Bantamweight, Freestyle",1996
194,"Wrestling Men's Flyweight, Freestyle",1996
195,"Athletics Women's 5,000 metres",2012
196,Weightlifting Women's Light-Heavyweight,2008
197,Weightlifting Women's Heavyweight,2012
198,Athletics Men's Discus Throw,1980
199,Taekwondo Men's Featherweight,2008
200,Taekwondo Men's Welterweight,2012
201,Judo Men's Heavyweight,2016
202,Cycling Men's Sprint,1980
203,Bobsleigh Men's Two,1972
204,"Wrestling Men's Lightweight, Freestyle",1960
205,Nordic Combined Men's Team,1988
206,Nordic Combined Men's Individual,1988
207,Baseball Men's Baseball,2000
208,Rowing Men's Coxed Fours,1984
209,Cycling Men's 100 kilometres Team Time Trial,1992
210,Rhythmic Gymnastics Women's Group,2004
211,"Art Competitions Mixed Architecture, Designs For Town Planning",1928
212,"Art Competitions Mixed Architecture, Architectural Designs",1928
213,Gymnastics Women's Individual All-Around,1972
214,Gymnastics Women's Team All-Around,1972
215,Gymnastics Women's Floor Exercise,1972
216,Gymnastics Women's Horse Vault,1972
217,Gymnastics Women's Uneven Bars,1972
218,Gymnastics Women's Balance Beam,1972
219,Diving Women's Springboard,2008
220,Diving Women's Synchronized Springboard,2012
221,"Athletics Women's 10,000 metres",2000
222,Sailing Mixed 7 metres,1920
223,Judo Women's Half-Middleweight,2012
224,Athletics Men's Decathlon,2008
225,Biathlon Men's 10 kilometres Sprint,1980
226,Biathlon Men's 20 kilometres,1980
227,Biathlon Men's 4 x 7.5 kilometres Relay,1980
228,Freestyle Skiing Men's Moguls,1992
229,"Wrestling Men's Middleweight A, Greco-Roman",1912
230,Athletics Women's Discus Throw,1948
231,Swimming Women's 4 x 100 metres Freestyle Relay,1956
232,"Athletics Women's 1,500 metres",2004
233,"Shooting Women's Air Pistol, 10 metres",2000
234,"Shooting Women's Sporting Pistol, 25 metres",2000
235,"Canoeing Men's Kayak Doubles, 500 metres",1992
236,"Canoeing Men's Kayak Singles, 500 metres",1996
237,"Canoeing Men's Kayak Singles, 1,000 metres",2008
238,"Shooting Men's Running Target, 50 metres",1984
239,Judo Women's Half-Heavyweight,2008
240,Athletics Women's Pole Vault,2012
241,Rugby Sevens Women's Rugby Sevens,2016
242,Table Tennis Men's Team,2016
243,Figure Skating Mixed Pairs,1998
244,Freestyle Skiing Men's Aerials,2002
245,Rowing Women's Coxed Eights,1976
246,Athletics Women's 4 x 400 metres Relay,2012
247,Alpine Skiing Women's Giant Slalom,1998
248,Alpine Skiing Women's Super G,2014
249,Cross Country Skiing Women's 5 kilometres,1988
250,Cross Country Skiing Women's 10 kilometres,1988
251,Cross Country Skiing Women's 20 kilometres,1988
252,"Cycling Men's 1,000 metres Time Trial",1968
253,"Cycling Men's Individual Pursuit, 4,000 metres",1968
254,"Wrestling Men's Welterweight, Freestyle",1972
255,"Wrestling Men's Bantamweight, Greco-Roman",2000
256,Rowing Women's Lightweight Double Sculls,2016
257,Athletics Women's 800 metres,1984
258,Rowing Women's Coxed Quadruple Sculls,1980
259,Biathlon Men's 12.5 kilometres Pursuit,2010
260,Biathlon Mixed 2 x 6 kilometres and 2 x 7.5 kilometres Relay,2014
261,Rhythmic Gymnastics Women's Individual,1996
262,"Canoeing Men's Kayak Singles, Slalom",1996
263,Archery Men's Individual,2008
264,Archery Men's Team,2008
265,"Speed Skating Women's 1,500 metres",2006
266,Speed Skating Women's Team Pursuit (6 laps),2006
267,Cross Country Skiing Men's Sprint,2006
268,Athletics Women's 400 metres,2016
269,Figure Skating Women's Singles,1994
270,"Speed Skating Men's 1,000 metres",1992
271,Trampolining Men's Individual,2016
272,Beach Volleyball Men's Beach Volleyball,2008
273,"Cycling Women's Mountainbike, Cross-Country",2012
274,"Athletics Men's Javelin Throw, Both Hands",1912
275,Triathlon Women's Olympic Distance,2016
276,Gymnastics Women's Team Portable Apparatus,1952
277,"Cycling Men's Mountainbike, Cross-Country",2004
278,Athletics Women's 400 metres Hurdles,1988
279,Diving Men's Springboard,1984
280,"Wrestling Men's Featherweight, Greco-Roman",1984
281,Table Tennis Men's Singles,2004
282,Art Competitions Mixed Painting,1924
283,Cross Country Skiing Women's 3 x 5 kilometres Relay,1968
284,Judo Men's Open Class,1980
285,Rowing Women's Quadruple Sculls,2016
286,"Gymnastics Men's Team All-Around, Swedish System",1920
287,Nordic Combined Men's Sprint,2002
288,Athletics Women's Pentathlon,1968
289,"Art Competitions Mixed Painting, Unknown Event",1932
290,"Cycling Men's Team Pursuit, 4,000 metres",1960
291,Weightlifting Women's Middleweight,2008
292,"Swimming Men's 1,500 metres Freestyle",2016
293,"Wrestling Women's Light-Heavyweight, Freestyle",2016
294,Swimming Women's 100 metres Freestyle,1936
295,"Equestrianism Men's Jumping, Individual",1948
296,"Equestrianism Men's Jumping, Team",1948
297,"Equestrianism Men's Three-Day Event, Individual",1952
298,"Equestrianism Men's Three-Day Event, Team",1952
299,Alpine Skiing Women's Combined,2006
300,Athletics Women's High Jump,1996
301,"Ski Jumping Men's Normal Hill, Individual",1932
302,"Canoeing Women's Kayak Fours, 500 metres",2004
303,Ice Hockey Women's Ice Hockey,2014
304,Sailing Men's One Person Dinghy,2000
305,Trampolining Women's Individual,2016
306,Curling Men's Curling,2006
307,Art Competitions Mixed Literature,1912
308,Judo Men's Middleweight,1972
309,Biathlon Women's 15 kilometres,1992
310,Biathlon Women's 3 x 7.5 kilometres Relay,1992
311,Biathlon Women's 4 x 7.5 kilometres Relay,1994
312,Judo Men's Half-Lightweight,2008
313,"Fencing Women's Foil, Team",1972
314,Swimming Women's 200 metres Butterfly,1976
315,Swimming Women's 400 metres Individual Medley,1976
316,Golf Men's Individual,1904
317,Athletics Men's Standing High Jump,1912
318,Athletics Men's Standing Long Jump,1912
319,Athletics Men's 20 kilometres Walk,1976
320,Swimming Men's 220 yard Freestyle,1904
321,Swimming Men's 880 yard Freestyle,1904
322,Swimming Men's One Mile Freestyle,1904
323,Swimming Men's 4 x 50 Yard Freestyle Relay,1904
324,Swimming Men's Plunge For Distance,1904
325,"Shooting Men's Free Rifle, Three Positions, 300 metres",1912
326,"Shooting Men's Military Rifle, Three Positions, 300 metres",1912
327,"Shooting Men's Military Rifle, Any Position, 600 metres",1912
328,"Shooting Men's Military Rifle, 200, 400, 500 and 600 metres, Team",1912
329,"Shooting Men's Military Rifle, Prone, 300 metres",1920
330,Judo Men's Half-Heavyweight,1984
331,Archery Women's Team,1996
332,Athletics Men's 50 kilometres Walk,2008
333,Rowing Women's Double Sculls,2016
334,Sailing Mixed 6 metres,1936
335,Boxing Men's Light-Heavyweight,1988
336,Boxing Women's Flyweight,2012
337,Athletics Women's 100 metres Hurdles,1992
338,"Athletics Men's Discus Throw, Greek Style",1908
339,Curling Women's Curling,2014
340,Sailing Mixed One Person Dinghy,1996
341,"Wrestling Women's Heavyweight, Freestyle",2016
342,Badminton Mixed Doubles,2012
343,"Fencing Women's Foil, Individual",1928
344,Sailing Mixed Two Person Keelboat,1992
345,"Shooting Men's Military Rifle, 300 metres and 600 metres, Prone, Team",1920
346,Table Tennis Men's Doubles,1996
347,"Wrestling Men's Light-Flyweight, Freestyle",1988
348,"Wrestling Women's Featherweight, Freestyle",2016
349,Swimming Women's 200 metres Freestyle,1996
350,Swimming Women's 400 metres Freestyle,1996
351,Swimming Women's 200 metres Individual Medley,1996
352,Sailing Men's Windsurfer,1992
353,Freestyle Skiing Men's Slopestyle,2014
354,"Shooting Men's Running Target, Single Shot",1924
355,"Shooting Men's Running Target, Double Shot",1924
356,Rugby Sevens Men's Rugby Sevens,2016
357,"Wrestling Women's Lightweight, Freestyle",2016
358,Modern Pentathlon Women's Individual,2016
359,"Canoeing Men's Canadian Doubles, Slalom",1992
360,Judo Women's Half-Lightweight,2016
361,Diving Women's Plain High,1924
362,"Equestrianism Men's Dressage, Individual",1936
363,"Equestrianism Men's Dressage, Team",1936
364,"Tennis Women's Singles, Covered Courts",1908
365,Diving Men's Plain High,1912
366,"Shooting Mixed Small-Bore Rifle, Three Positions, 50 metres",1976
367,"Shooting Mixed Small-Bore Rifle, Prone, 50 metres",1976
368,Swimming Women's 800 metres Freestyle,2008
369,Sailing Women's Two Person Dinghy,1988
370,Alpine Skiing Women's Downhill,1964
371,"Shooting Men's Free Pistol, 50 metres, Team",1920
372,"Shooting Men's Free Rifle, Three Positions, 300 metres, Team",1920
373,"Shooting Men's Military Rifle, Prone, 300 metres, Team",1920
374,"Shooting Men's Military Rifle, Prone, 600 metres, Team",1920
375,"Shooting Men's Military Rifle, Standing, 300 metres, Team",1920
376,"Shooting Men's Free Rifle, Prone, 600 metres",1924
377,"Shooting Men's Free Rifle, 400, 600 and 800 metres, Team",1924
378,Rowing Men's Single Sculls,1952
379,"Cycling Men's Tandem Sprint, 2,000 metres",1948
380,Freestyle Skiing Women's Halfpipe,2014
381,Athletics Women's Heptathlon,2012
382,Cycling Men's Points Race,1992
383,Synchronized Swimming Women's Solo,1992
384,"Equestrianism Mixed Dressage, Individual",1972
385,"Equestrianism Mixed Dressage, Team",1972
386,Cross Country Skiing Men's 18 kilometres,1924
387,Swimming Men's 100 metres Breaststroke,2012
388,Figure Skating Mixed Ice Dancing,2014
389,"Shooting Mixed Free Pistol, 50 metres",1968
390,Sailing Women's Skiff,2016
391,"Canoeing Men's Kayak Doubles, 10,000 metres",1952
392,Triathlon Men's Olympic Distance,2008
393,Sailing Women's One Person Dinghy,2012
394,Cross Country Skiing Women's 30 kilometres,2014
395,Cross Country Skiing Women's 15 km Skiathlon,2014
396,Rowing Men's 17-Man Naval Rowing Boats,1906
397,Beach Volleyball Women's Beach Volleyball,2016
398,Weightlifting Men's Super-Heavyweight,1992
399,Rowing Men's Lightweight Coxless Fours,1996
400,"Wrestling Men's Light-Flyweight, Greco-Roman",1996
401,"Canoeing Men's Canadian Singles, 1,000 metres",2004
402,Sailing Mixed 5.5 metres,1964
403,"Equestrianism Mixed Jumping, Team",1976
404,Diving Men's Synchronized Platform,2012
405,Snowboarding Men's Halfpipe,2006
406,"Canoeing Women's Kayak Singles, Slalom",1992
407,Weightlifting Women's Flyweight,2016
408,Swimming Women's 100 metres Breaststroke,1984
409,Swimming Women's 200 metres Breaststroke,1984
410,"Wrestling Men's Middleweight B, Greco-Roman",1912
411,Athletics Men's Stone Throw,1906
412,"Athletics Men's Javelin Throw, Freestyle",1906
413,Athletics Men's Pentathlon (Ancient),1906
414,"Shooting Women's Small-Bore Rifle, Three Positions, 50 metres",2012
415,Swimming Women's 100 metres Butterfly,1992
416,Weightlifting Men's Heavyweight I,1996
417,"Athletics Women's 3,000 metres Steeplechase",2008
418,"Athletics Men's Shot Put, Both Hands",1912
419,"Ski Jumping Men's Large Hill, Individual",1994
420,"Ski Jumping Men's Large Hill, Team",1994
421,Shooting Women's Trap,2008
422,Badminton Men's Doubles,2012
423,Swimming Women's 4 x 200 metres Freestyle Relay,2016
424,Athletics Men's 10 kilometres Walk,1912
425,Athletics Women's 20 kilometres Walk,2012
426,Athletics Women's 80 metres Hurdles,1964
427,Sailing Men's One Person Heavyweight Dinghy,2012
428,Freestyle Skiing Women's Aerials,2010
429,"Art Competitions Mixed Painting, Paintings",1928
430,"Tennis Mixed Doubles, Covered Courts",1912
431,Cycling Men's Madison,2000
432,"Art Competitions Mixed Sculpturing, Statues",1928
433,Rugby Men's Rugby,1900
434,Weightlifting Men's Heavyweight II,1992
435,"Canoeing Women's Kayak Doubles, 500 metres",1996
436,"Short Track Speed Skating Men's 5,000 metres Relay",1992
437,Cycling Men's Individual Time Trial,2012
438,Judo Women's Heavyweight,1992
439,"Canoeing Men's Kayak Doubles, 1,000 metres",1960
440,"Gymnastics Men's Individual All-Around, 5 Events",1906
441,"Wrestling Men's Super-Heavyweight, Freestyle",2012
442,Biathlon Women's 10 kilometres Pursuit,2006
443,Biathlon Women's 12.5 kilometres Mass Start,2006
444,Biathlon Women's 4 x 6 kilometres Relay,2006
445,"Fencing Women's Sabre, Team",2016
446,Shooting Men's Double Trap,2016
447,Weightlifting Men's Bantamweight,1996
448,Taekwondo Men's Heavyweight,2000
449,Sailing Mixed Windsurfer,1988
450,Taekwondo Women's Welterweight,2008
451,"Shooting Mixed Free Rifle, Three Positions, 300 metres",1968
452,Skeleton Men's Skeleton,2002
453,Cycling Men's 50 kilometres,1920
454,"Shooting Mixed Rapid-Fire Pistol, 25 metres",1968
455,Cycling Men's 333 metres Time Trial,1906
456,Cycling Men's 20 kilometres,1906
457,"Canoeing Men's Kayak Singles, 10,000 metres",1952
458,Sailing Mixed Open,1900
459,Sailing Mixed 1-2 Ton,1900
460,"Canoeing Men's Canadian Singles, Slalom",1972
461,Luge Men's Singles,1998
462,Luge Mixed (Men)'s Doubles,2002
463,Sailing Mixed Multihull,2016
464,Badminton Women's Doubles,1992
465,"Speed Skating Women's 3,000 metres",1980
466,Cross Country Skiing Women's 5/10 kilometres Pursuit,1992
467,Cross Country Skiing Women's 4 x 5 kilometres Relay,1992
468,Cross Country Skiing Women's 15 kilometres,1994
469,Cross Country Skiing Women's 5/5 kilometres Pursuit,2002
470,Diving Women's Synchronized Platform,2000
471,Athletics Women's Triple Jump,2012
472,Skeleton Women's Skeleton,2002
473,Bobsleigh Men's Four/Five,1924
474,"Art Competitions Mixed Painting, Drawings And Water Colors",1928
475,"Shooting Men's Dueling Pistol, 30 metres",1912
476,Boxing Women's Lightweight,2016
477,Cycling Women's BMX,2012
478,"Canoeing Men's Kayak Doubles, 200 metres",2012
479,"Fencing Men's Sabre, Masters, Individual",1900
480,Lacrosse Men's Lacrosse,1908
481,"Canoeing Women's Kayak Singles, 500 metres",2004
482,Athletics Women's 10 kilometres Walk,1992
483,Sailing Mixed 12 metres,1912
484,Judo Women's Extra-Lightweight,2004
485,Diving Men's Synchronized Springboard,2000
486,"Rowing Men's Coxed Fours, Outriggers",1912
487,Gymnastics Men's Rope Climbing,1906
488,Sailing Mixed Two Person Dinghy,1984
489,"Art Competitions Mixed Architecture, Unknown Event",1936
490,"Archery Men's Target Archery, 28 metres, Team",1920
491,"Archery Men's Target Archery, 33 metres, Team",1920
492,"Archery Men's Target Archery, 50 metres, Team",1920
493,"Short Track Speed Skating Women's 3,000 metres Relay",1992
494,Freestyle Skiing Women's Moguls,2002
495,Short Track Speed Skating Men's 500 metres,2002
496,"Shooting Men's Running Target, 10 metres",1992
497,Polo Men's Polo,1920
498,"Rowing Men's Coxed Fours, Inriggers",1912
499,Cycling Men's BMX,2008
500,Art Competitions Mixed Sculpturing,1924
501,"Athletics Men's Cross-Country, Individual",1920
502,"Athletics Men's Cross-Country, Team",1920
503,Sailing Mixed 40 metres,1920
504,Cross Country Skiing Men's 10/10 kilometres Pursuit,2002
505,"Ski Jumping Women's Normal Hill, Individual",2014
506,"Short Track Speed Skating Men's 1,000 metres",2014
507,"Short Track Speed Skating Men's 1,500 metres",2014
508,Gymnastics Men's Club Swinging,1932
509,Tennis Women's Singles,1924
510,Tennis Mixed Doubles,1924
511,Tennis Women's Doubles,1924
512,Judo Women's Middleweight,2008
513,Judo Women's Lightweight,1992
514,Cross Country Skiing Men's Team Sprint,2006
515,Snowboarding Women's Halfpipe,2006
516,"Canoeing Women's Kayak Singles, 200 metres",2012
517,Canoeing Men's Kayak Relay 4 x 500 metres,1960
518,"Athletics Men's 3,000 metres, Team",1912
519,Cross Country Skiing Women's Sprint,2006
520,"Shooting Men's Small-Bore Rifle, Prone, 50 and 100 yards",1908
521,"Shooting Men's Small-Bore Rifle, 50 and 100 yards, Team",1908
522,"Shooting Men's Small-Bore Rifle, Disappearing Target, 25 yards",1908
523,"Shooting Men's Small-Bore Rifle, Moving Target, 25 yards",1908
524,"Shooting Men's Military Pistol, Team",1920
525,Rowing Women's Coxed Fours,1984
526,"Weightlifting Men's Unlimited, One Hand",1906
527,"Canoeing Men's Canadian Singles, 500 metres",1976
528,"Fencing Men's Foil, Masters, Individual",1900
529,"Fencing Men's epee, Masters, Individual",1900
530,"Gymnastics Men's Individual All-Around, Field Sports",1904
531,"Gymnastics Men's Individual All-Around, Apparatus Work",1904
532,"Art Competitions Mixed Music, Compositions For Solo Or Chorus",1928
533,"Fencing Women's epee, Team",2000
534,"Swimming Men's 4,000 metres Freestyle",1900
535,Swimming Men's Underwater Swimming,1900
536,Sailing Mixed Skiff,2004
537,"Shooting Men's Military Rifle, 200/500/600/800/900/1,000 Yards, Team",1908
538,"Shooting Men's Running Target, Single And Double Shot",1956
539,"Shooting Men's Small-Bore Rifle, Any Position, 50 metres",1912
540,"Shooting Men's Small-Bore Rifle, Disappearing Target, 25 metres",1912
541,Swimming Women's 10 kilometres Open Water,2012
542,Snowboarding Women's Slopestyle,2014
543,Snowboarding Men's Giant Slalom,1998
544,Snowboarding Men's Parallel Giant Slalom,2002
545,Snowboarding Men's Boardercross,2006
546,Snowboarding Men's Parallel Slalom,2014
547,"Cycling Men's Team Pursuit, 1,980 yards",1908
548,"Cycling Men's 5,000 metres",1908
549,Cycling Men's 100 kilometres,1908
550,Cricket Men's Cricket,1900
551,"Canoeing Men's Canadian Singles, 10,000 metres",1948
552,Cross Country Skiing Women's Team Sprint,2006
553,Boxing Women's Middleweight,2012
554,Sailing Men's Skiff,2012
555,Athletics Men's Pentathlon,1912
556,"Swimming Men's 1,200 metres Freestyle",1896
557,Shooting Women's Skeet,2012
558,Biathlon Men's 15 kilometres Mass Start,2006
559,Cross Country Skiing Men's 30 km Skiathlon,2006
560,Cycling Men's 1/4 mile,1904
561,Cycling Men's 1/2 mile,1904
562,Cycling Men's 5 mile,1904
563,Cycling Men's 25 mile,1904
564,"Shooting Men's Small-Bore Rifle, Standing, 50 metres",1920
565,"Shooting Men's Small Bore-Rifle, Standing, 50 metres, Team",1920
566,Speed Skating Men's Team Pursuit (8 laps),2006
567,"Shooting Men's Free Rifle, 1,000 Yards",1908
568,Cycling Women's Team Pursuit,2016
569,"Speed Skating Women's 5,000 metres",2002
570,"Athletics Men's 3,000 metres Walk",1920
571,Snowboarding Women's Boardercross,2006
572,"Shooting Mixed Running Target, 50 metres",1972
573,Luge Mixed Team Relay,2014
574,Cycling Women's Individual Time Trial,2012
575,"Fencing Women's Sabre, Individual",2016
576,"Fencing Men's Sabre, Individual, Three Hits",1906
577,Archery Women's Double National Round,1908
578,Cycling Men's Omnium,2012
579,Equestrianism Mixed Hacks And Hunter Combined,1900
580,Sailing Mixed 10 metres,1920
581,"Shooting Men's Trap, Team",1920
582,"Cycling Women's Individual Pursuit, 3,000 metres",1996
583,Cycling Women's Points Race,1996
584,Sailing Men's Two Person Keelboat,2004
585,Cycling Men's Keirin,2000
586,Cycling Men's Team Sprint,2000
587,Athletics Men's 5 mile,1906
588,"Shooting Men's Running Target, Single Shot, Team",1912
589,Bobsleigh Women's Two,2010
590,Racquets Men's Singles,1908
591,Racquets Men's Doubles,1908
592,"Art Competitions Mixed Literature, Lyric Works",1948
593,Motorboating Mixed A-Class (Open),1908
594,Archery Men's Continental Style,1908
595,Military Ski Patrol Men's Military Ski Patrol,1924
596,"Art Competitions Mixed Painting, Graphic Arts",1928
597,"Wrestling Women's Flyweight, Freestyle",2016
598,"Art Competitions Mixed Literature, Unknown Event",1936
599,Sailing Mixed 0.5-1 Ton,1900
600,"Art Competitions Mixed Painting, Applied Arts",1948
601,"Croquet Mixed Singles, One Ball",1900
602,Croquet Mixed Doubles,1900
603,"Shooting Men's Running Target, Double Shot, Team",1924
604,"Shooting Men's Free Pistol, 50 yards",1908
605,"Shooting Men's Free Pistol, 50 yards, Team",1908
606,"Fencing Men's epee, Masters and Amateurs, Individual",1900
607,Swimming Men's 10 kilometres Open Water,2016
608,"Art Competitions Mixed Music, Compositions For Orchestra",1948
609,Archery Men's Double York Round,1908
610,"Wrestling Women's Middleweight, Freestyle",2008
611,"Equestrianism Men's Vaulting, Individual",1920
612,Swimming Men's 4 x 250 metres Freestyle Relay,1906
613,Freestyle Skiing Women's Slopestyle,2014
614,Table Tennis Women's Team,2008
615,Athletics Women's Hammer Throw,2000
616,"Canoeing Men's Kayak Singles, 200 metres",2012
617,Short Track Speed Skating Women's 500 metres,1994
618,Shooting Women's Double Trap,2004
619,Rowing Men's 6-Man Naval Rowing Boats,1906
620,Art Competitions Mixed Music,1924
621,"Shooting Men's Free Rifle, Kneeling, 300 metres",1900
622,"Shooting Men's Free Rifle, Prone, 300 metres",1900
623,"Shooting Men's Free Rifle, Standing, 300 metres",1900
624,"Short Track Speed Skating Women's 1,000 metres",1994
625,"Athletics Men's 3,200 metres Steeplechase",1908
626,Rowing Women's Coxless Fours,1992
627,Freestyle Skiing Women's Ski Cross,2014
628,Freestyle Skiing Men's Ski Cross,2010
629,"Tennis Men's Doubles, Covered Courts",1908
630,"Tennis Men's Singles, Covered Courts",1912
631,Cycling Men's 25 kilometres,1900
632,"Nordic Combined Men's Normal Hill / 10 km, Individual",2010
633,"Nordic Combined Men's Large Hill / 10 km, Individual",2010
634,"Shooting Men's Military Rifle, 200 metres",1896
635,"Short Track Speed Skating Women's 1,500 metres",2006
636,Athletics Men's Standing Triple Jump,1900
637,Rowing Men's Coxed Pairs (1 kilometres),1906
638,"Shooting Men's Military Pistol, 30 metres",1920
639,Cycling Women's Keirin,2016
640,"Archery Men's Au Cordon Dore, 50 metres",1900
641,Swimming Women's 300 metres Freestyle,1920
642,Snowboarding Women's Giant Slalom,1998
643,"Canoeing Men's Canadian Singles, 200 metres",2012
644,Sailing Mixed 30 metres,1920
645,"Athletics Men's 4,000 metres Steeplechase",1900
646,"Athletics Men's 5,000 metres, Team",1900
647,Snowboarding Men's Slopestyle,2014
648,Rowing Men's Coxed Pairs (1 mile),1906
649,Art Competitions Mixed Unknown Event,1932
650,Cycling Women's Omnium,2016
651,Freestyle Skiing Men's Halfpipe,2014
652,Swimming Men's 200 metres Obstacle Course,1900
653,Swimming Men's 200 metres Team Swimming,1900
654,Sailing Mixed 12 foot,1920
655,"Art Competitions Mixed Music, Instrumental And Chamber",1936
656,"Art Competitions Mixed Music, Vocals",1948
657,"Art Competitions Mixed Literature, Dramatic Works",1948
658,Jeu De Paume Men's Singles,1908
659,Sailing Mixed 10-20 Ton,1900
660,Cycling Men's 1/3 mile,1904
661,Cycling Men's 1 mile,1904
662,Cycling Men's 2 mile,1904
663,"Art Competitions Mixed Sculpturing, Medals And Plaques",1948
664,"Athletics Men's 1,600 metres Medley Relay",1908
665,"Croquet Mixed Singles, Two Balls",1900
666,"Canoeing Men's Folding Kayak Doubles, 10 kilometres",1936
667,Athletics Men's 60 metres,1904
668,Snowboarding Women's Parallel Giant Slalom,2002
669,Sailing Mixed 2-3 Ton,1900
670,Speed Skating Men's Allround,1924
671,"Shooting Men's Military Rifle, Prone, 600 metres",1920
672,"Canoeing Men's Canadian Doubles, 10,000 metres",1952
673,Snowboarding Women's Parallel Slalom,2014
674,"Shooting Men's Dueling Pistol, 30 metres, Team",1912
675,"Gymnastics Men's Parallel Bars, Teams",1896
676,"Gymnastics Men's Horizontal Bar, Teams",1896
677,"Shooting Men's Small-Bore Rifle, Disappearing Target, 25 metres, Team",1912
678,"Art Competitions Mixed Sculpturing, Medals And Reliefs",1928
679,"Athletics Men's 1,500 metres Walk",1906
680,"Athletics Men's 3 mile, Team",1908
681,"Art Competitions Mixed Sculpturing, Medals",1936
682,"Shooting Men's Military Rifle, Kneeling Or Standing, 300 metres",1906
683,"Equestrianism Men's Vaulting, Team",1920
684,"Shooting Men's Free Rifle, Any Position, 300 metres",1906
685,"Shooting Men's Military Rifle, 1873-1874 Gras Model, Kneeling Or Standing, 200 metres",1906
686,Swimming Men's 100 Yard Backstroke,1904
687,Swimming Men's 440 Yard Breaststroke,1904
688,"Art Competitions Mixed Literature, Epic Works",1948
689,Art Competitions Mixed Architecture,1924
690,"Athletics Men's 3,500 metres Walk",1908
691,Roque Men's Singles,1904
692,Gymnastics Men's Side Horse,1924
693,Alpinism Mixed Alpinism,1924
694,Archery Men's Double American Round,1904
695,Archery Men's Team Round,1904
696,"Archery Men's Target Archery, 33 metres, Individual",1920
697,"Archery Men's Target Archery, 50 metres, Individual",1920
698,"Swimming Men's 1,000 metres Freestyle",1900
699,Athletics Men's 10 mile Walk,1908
700,"Athletics Men's Discus Throw, Both Hands",1912
701,Golf Men's Team,1904
702,Sailing Mixed 0-0.5 Ton,1900
703,Sailing Mixed 20+ Ton,1900
704,Cycling Women's Team Sprint,2016
705,"Weightlifting Men's Unlimited, Two Hands",1906
706,"Shooting Men's Free Pistol, 25 metres",1906
707,"Shooting Men's Military Revolver, 1873-1874 Gras Model, 20 metres",1906
708,"Shooting Men's Military Revolver, 20 metres",1906
709,Shooting Men's Dueling Pistol Au Vise 20 metres,1906
710,"Shooting Men's Dueling Pistol Au Commandement, 25 metres",1906
711,"Shooting Men's Small-Bore Rifle, Prone, 50 metres, Team",1912
712,Sailing Mixed 6.5 metres,1920
713,Athletics Men's 200 metres Hurdles,1904
714,Athletics Men's 56-pound Weight Throw,1904
715,Equestrianism Mixed Four-In-Hand Competition,1900
716,"Athletics Men's 2,500 metres Steeplechase",1900
717,"Art Competitions Mixed Music, Unknown Event",1936
718,Athletics Men's All-Around Championship,1904
719,"Archery Men's Pole Archery, Small Birds, Individual",1920
720,"Archery Men's Pole Archery, Large Birds, Individual",1920
721,"Archery Men's Pole Archery, Small Birds, Team",1920
722,"Archery Men's Pole Archery, Large Birds, Team",1920
723,"Athletics Men's 2,590 metres Steeplechase",1904
724,Archery Women's Double Columbia Round,1904
725,"Athletics Men's 4 mile, Team",1904
726,Figure Skating Men's Special Figures,1908
727,"Shooting Men's Military Rifle, Standing, 300 metres",1920
728,Swimming Men's 50 yard Freestyle,1904
729,Swimming Men's 100 yard Freestyle,1904
730,Swimming Men's 440 yard Freestyle,1904
731,Basque Pelota Men's Two-Man Teams With Cesta,1900
732,"Shooting Men's Trap, Single Shot, 16 metres",1906
733,"Shooting Men's Trap, Double Shot, 14 metres",1906
734,Equestrianism Mixed Long Jump,1900
735,"Canoeing Men's Folding Kayak Singles, 10 kilometres",1936
736,"Shooting Men's Free Pistol, 30 metres",1896
737,"Shooting Men's Military Pistol, 25 metres",1896
738,Swimming Men's 100 metres Freestyle For Sailors,1896
739,Archery Men's Sur La Perche a La Herse,1900
740,Sailing Mixed 3-10 Ton,1900
741,"Gymnastics Men's Individual All-Around, 4 Events",1904
742,"Wrestling Men's Unlimited Class, Greco-Roman",1896
743,Motorboating Mixed B-Class (Under 60 Feet),1908
744,Motorboating Mixed C-Class,1908
745,"Cycling Men's 10,000 metres",1896
746,"Art Competitions Mixed Sculpturing, Reliefs",1948
747,"Shooting Men's Muzzle-Loading Pistol, 25 metres",1896
748,Equestrianism Mixed High Jump,1900
749,Archery Men's Sur La Perche a La Pyramide,1900
750,"Fencing Men's Single Sticks, Individual",1904
751,Gymnastics Men's Tumbling,1932
752,Shooting Men's Unknown Event,1920
753,Sailing Mixed 18 foot,1920
754,Archery Men's Unknown Event,1900
755,"Archery Men's Au Chapelet, 50 metres",1900
756,Archery Men's Championnat Du Monde,1900
757,Archery Women's Team Round,1904
758,"Wrestling Men's All-Around, Greco-Roman",1906
759,Cycling Men's 12-Hours Race,1896
760,Swimming Men's 500 metres Freestyle,1896
761,Weightlifting Men's All-Around Dumbbell Contest,1904
762,"Archery Men's Au Chapelet, 33 metres",1900
763,"Archery Men's Au Cordon Dore, 33 metres",1900
764,"Archery Men's Target Archery, 28 metres, Individual",1920
765,Aeronautics Mixed Aeronautics,1936
